PRAGMA foreign_keys=OFF;
BEGIN TRANSACTION;
CREATE TABLE IF NOT EXISTS "_prisma_migrations" (
    "id"                    TEXT PRIMARY KEY NOT NULL,
    "checksum"              TEXT NOT NULL,
    "finished_at"           DATETIME,
    "migration_name"        TEXT NOT NULL,
    "logs"                  TEXT,
    "rolled_back_at"        DATETIME,
    "started_at"            DATETIME NOT NULL DEFAULT current_timestamp,
    "applied_steps_count"   INTEGER UNSIGNED NOT NULL DEFAULT 0
);
INSERT INTO _prisma_migrations VALUES('ea61afac-225a-4682-9a7c-fd660d5b8698','fd2cc857ccf2e63b9f74add0f8cee50a4d5f12b22a387479fd3a71171ed3e5b0',1748000516166,'20250523114156_init',NULL,NULL,1748000516164,1);
INSERT INTO _prisma_migrations VALUES('88dbcde8-1d2c-422e-a21e-b36a661800e8','086926976e26760c6d057f5461a02586614ac7b0bf1ed238c555244bbe13bcda',1748233554674,'20250526042554_add_phone_to_user',NULL,NULL,1748233554672,1);
INSERT INTO _prisma_migrations VALUES('aa1d9de7-ce0e-407f-99a4-4723cb338629','f3508e7f5c4ea0dbaabda735285b77e0f1378885a8199b75d0ae07e67dcabbdb',1748339786691,'20250527095626_add_review_and_baber',NULL,NULL,1748339786687,1);
INSERT INTO _prisma_migrations VALUES('0b28682f-a703-4f4a-bd92-0ccaedb560a6','46abde9a39fabc8b6cbc5de134df58d2974052dc864a8edf90ead7a4d3fe7e13',1748365603478,'20250527170643_change_database',NULL,NULL,1748365603464,1);
INSERT INTO _prisma_migrations VALUES('8f9b0696-5457-4cd2-b8fe-6be3daf06b94','1f971d927880a5df64200f12a8ee608bf14ad510f9bf760d108daa50d7862c04',1748594675011,'20250530084435_change_timeslot',NULL,NULL,1748594675008,1);
INSERT INTO _prisma_migrations VALUES('8ee7421f-d0e7-4bee-a900-785ef682c200','2d372c29d0debe0aef9a99e6fda036979cbcbcc7b3ca662314194afeba81bb25',1749530129662,'20250610043529_remove_timeslot_schema',NULL,NULL,1749530129659,1);
INSERT INTO _prisma_migrations VALUES('b249c6c9-a7df-4952-8f31-eeb8913e43c6','00ef59c3a25337e7bf8ae0ba3cb4cc65bdedc713e2b944995bb40dac700f1d8d',1749986417549,'20250615112017_add_password_to_user',NULL,NULL,1749986417546,1);
INSERT INTO _prisma_migrations VALUES('5ea8ab50-9bee-4e38-b8be-925441627d06','61d402fd82be084239e7bfd538b17082635a4171e7d5a724f89469b0edfeab15',1749988767562,'20250615115927_email_password_required_on_user',NULL,NULL,1749988767559,1);
CREATE TABLE IF NOT EXISTS "Service" (
    "id" TEXT NOT NULL PRIMARY KEY,
    "name" TEXT NOT NULL,
    "description" TEXT,
    "duration" INTEGER NOT NULL,
    "price" REAL NOT NULL
);
INSERT INTO Service VALUES('cd6ca429-e438-43eb-be11-55eeb14ac049','Haircut','Simple haircut',60,120000.0);
INSERT INTO Service VALUES('0afa807d-8f47-4819-b013-a840ecd2e9a1','Hair Smoothing','Smoothing rambut',120,250000.0);
INSERT INTO Service VALUES('840fc96d-dcdc-4ad7-ba1e-ba69759ea3b3','Gimbal Kepala',NULL,120,500000.0);
CREATE TABLE IF NOT EXISTS "BarberService" (
    "barberId" TEXT NOT NULL,
    "serviceId" TEXT NOT NULL,

    PRIMARY KEY ("barberId", "serviceId"),
    CONSTRAINT "BarberService_barberId_fkey" FOREIGN KEY ("barberId") REFERENCES "Barber" ("id") ON DELETE RESTRICT ON UPDATE CASCADE,
    CONSTRAINT "BarberService_serviceId_fkey" FOREIGN KEY ("serviceId") REFERENCES "Service" ("id") ON DELETE RESTRICT ON UPDATE CASCADE
);
INSERT INTO BarberService VALUES('e6d8abe6-0b00-45ba-aaef-4c3779864352','cd6ca429-e438-43eb-be11-55eeb14ac049');
INSERT INTO BarberService VALUES('e6d8abe6-0b00-45ba-aaef-4c3779864352','0afa807d-8f47-4819-b013-a840ecd2e9a1');
INSERT INTO BarberService VALUES('e3a748be-e1bb-4d1e-b390-0db92e7e4026','0afa807d-8f47-4819-b013-a840ecd2e9a1');
INSERT INTO BarberService VALUES('cd0ebf46-c343-441b-a074-9c3f5fbf8732','0afa807d-8f47-4819-b013-a840ecd2e9a1');
INSERT INTO BarberService VALUES('cd0ebf46-c343-441b-a074-9c3f5fbf8732','cd6ca429-e438-43eb-be11-55eeb14ac049');
INSERT INTO BarberService VALUES('cd0ebf46-c343-441b-a074-9c3f5fbf8732','840fc96d-dcdc-4ad7-ba1e-ba69759ea3b3');
CREATE TABLE IF NOT EXISTS "Barber" (
    "id" TEXT NOT NULL PRIMARY KEY,
    "name" TEXT NOT NULL,
    "bio" TEXT,
    "createdAt" DATETIME NOT NULL DEFAULT CURRENT_TIMESTAMP
);
INSERT INTO Barber VALUES('e6d8abe6-0b00-45ba-aaef-4c3779864352','Hanzo','Ganteng',1748449035922);
INSERT INTO Barber VALUES('fb635af0-462f-4074-833c-af4df6f40e30','andi','andi 1',1748842026257);
INSERT INTO Barber VALUES('cd0ebf46-c343-441b-a074-9c3f5fbf8732','andi',NULL,1748847040015);
INSERT INTO Barber VALUES('e3a748be-e1bb-4d1e-b390-0db92e7e4026','Gundi',NULL,1748847541445);
INSERT INTO Barber VALUES('8b564629-e37f-4768-96ed-e119a79f99f9','Gundi Karuna',NULL,1749964737405);
CREATE TABLE IF NOT EXISTS "Review" (
    "id" TEXT NOT NULL PRIMARY KEY,
    "rating" INTEGER NOT NULL,
    "comment" TEXT,
    "userId" TEXT NOT NULL,
    "barberId" TEXT NOT NULL,
    "bookingId" TEXT NOT NULL,
    "createdAt" DATETIME NOT NULL DEFAULT CURRENT_TIMESTAMP,
    CONSTRAINT "Review_userId_fkey" FOREIGN KEY ("userId") REFERENCES "User" ("id") ON DELETE RESTRICT ON UPDATE CASCADE,
    CONSTRAINT "Review_barberId_fkey" FOREIGN KEY ("barberId") REFERENCES "Barber" ("id") ON DELETE RESTRICT ON UPDATE CASCADE,
    CONSTRAINT "Review_bookingId_fkey" FOREIGN KEY ("bookingId") REFERENCES "Booking" ("id") ON DELETE RESTRICT ON UPDATE CASCADE
);
CREATE TABLE IF NOT EXISTS "Booking" (
    "id" TEXT NOT NULL PRIMARY KEY,
    "userId" TEXT NOT NULL,
    "barberId" TEXT NOT NULL,
    "serviceId" TEXT NOT NULL,
    "startTime" DATETIME NOT NULL,
    "status" TEXT NOT NULL DEFAULT 'PENDING',
    "createdAt" DATETIME NOT NULL DEFAULT CURRENT_TIMESTAMP,
    CONSTRAINT "Booking_userId_fkey" FOREIGN KEY ("userId") REFERENCES "User" ("id") ON DELETE RESTRICT ON UPDATE CASCADE,
    CONSTRAINT "Booking_barberId_fkey" FOREIGN KEY ("barberId") REFERENCES "Barber" ("id") ON DELETE RESTRICT ON UPDATE CASCADE,
    CONSTRAINT "Booking_serviceId_fkey" FOREIGN KEY ("serviceId") REFERENCES "Service" ("id") ON DELETE RESTRICT ON UPDATE CASCADE
);
INSERT INTO Booking VALUES('aa59369e-0777-44bd-8f9f-08d6da5a7f0c','6b9cdf6c-a4b8-4cff-a741-99f8e29d3c1c','e6d8abe6-0b00-45ba-aaef-4c3779864352','cd6ca429-e438-43eb-be11-55eeb14ac049',0,'PENDING',1749530573248);
INSERT INTO Booking VALUES('0ae15be5-1aeb-465b-bdf5-dd2a3f6144c2','6b9cdf6c-a4b8-4cff-a741-99f8e29d3c1c','fb635af0-462f-4074-833c-af4df6f40e30','cd6ca429-e438-43eb-be11-55eeb14ac049',2678400000,'COMPLETED',1749568255826);
INSERT INTO Booking VALUES('6866f6e7-6b1e-4674-9ad9-37e17076f23e','6b9cdf6c-a4b8-4cff-a741-99f8e29d3c1c','fb635af0-462f-4074-833c-af4df6f40e30','cd6ca429-e438-43eb-be11-55eeb14ac049',1749564000000,'PENDING',1749570296391);
INSERT INTO Booking VALUES('a119efa0-468c-4596-b546-2402f5915de6','6b9cdf6c-a4b8-4cff-a741-99f8e29d3c1c','fb635af0-462f-4074-833c-af4df6f40e30','cd6ca429-e438-43eb-be11-55eeb14ac049',1752156000000,'PENDING',1749614415470);
INSERT INTO Booking VALUES('6fd3db23-7e94-4cec-a4d8-75c2683d7850','6b9cdf6c-a4b8-4cff-a741-99f8e29d3c1c','fb635af0-462f-4074-833c-af4df6f40e30','cd6ca429-e438-43eb-be11-55eeb14ac049',1746885600000,'PENDING',1749614419665);
INSERT INTO Booking VALUES('18859dd7-7091-49f7-ae9b-96c7c1dcaca4','6b9cdf6c-a4b8-4cff-a741-99f8e29d3c1c','8b564629-e37f-4768-96ed-e119a79f99f9','cd6ca429-e438-43eb-be11-55eeb14ac049',1754834400000,'PENDING',1749964839497);
INSERT INTO Booking VALUES('240fc156-46af-4396-87a9-cd331ca8cdf5','6b9cdf6c-a4b8-4cff-a741-99f8e29d3c1c','e6d8abe6-0b00-45ba-aaef-4c3779864352','cd6ca429-e438-43eb-be11-55eeb14ac049',1757512800000,'PENDING',1750149263635);
INSERT INTO Booking VALUES('a948203d-fa76-4a25-9ab3-9bc9a4640743','6b9cdf6c-a4b8-4cff-a741-99f8e29d3c1c','e6d8abe6-0b00-45ba-aaef-4c3779864352','cd6ca429-e438-43eb-be11-55eeb14ac049',1757599200000,'PENDING',1750150166777);
INSERT INTO Booking VALUES('641ec1c2-24e7-4ef9-b965-a2953d269a15','6b9cdf6c-a4b8-4cff-a741-99f8e29d3c1c','e6d8abe6-0b00-45ba-aaef-4c3779864352','cd6ca429-e438-43eb-be11-55eeb14ac049',1757685600000,'PENDING',1750150204469);
INSERT INTO Booking VALUES('1fe86a64-7ea3-49fb-9949-6f61e7e78878','6b9cdf6c-a4b8-4cff-a741-99f8e29d3c1c','e6d8abe6-0b00-45ba-aaef-4c3779864352','cd6ca429-e438-43eb-be11-55eeb14ac049',1757674800000,'PENDING',1750150210827);
INSERT INTO Booking VALUES('b123acf5-9dae-4938-9d59-9f7b973d197c','6b9cdf6c-a4b8-4cff-a741-99f8e29d3c1c','e6d8abe6-0b00-45ba-aaef-4c3779864352','cd6ca429-e438-43eb-be11-55eeb14ac049',1757692800000,'PENDING',1750150928354);
INSERT INTO Booking VALUES('91f05cc7-939c-409c-b5ba-51d481b812eb','6b9cdf6c-a4b8-4cff-a741-99f8e29d3c1c','e6d8abe6-0b00-45ba-aaef-4c3779864352','cd6ca429-e438-43eb-be11-55eeb14ac049',1762963200000,'PENDING',1750157106151);
INSERT INTO Booking VALUES('6d32b470-e5a7-4182-8ef3-2552d3c7d52e','6b9cdf6c-a4b8-4cff-a741-99f8e29d3c1c','e6d8abe6-0b00-45ba-aaef-4c3779864352','cd6ca429-e438-43eb-be11-55eeb14ac049',1736697600000,'PENDING',1750157119856);
INSERT INTO Booking VALUES('45945ff0-7441-4e7b-a907-0eec457b7f22','6b9cdf6c-a4b8-4cff-a741-99f8e29d3c1c','e6d8abe6-0b00-45ba-aaef-4c3779864352','cd6ca429-e438-43eb-be11-55eeb14ac049',1765555200000,'PENDING',1750157188917);
INSERT INTO Booking VALUES('024d51b5-4324-4c66-b397-8acf27e44488','6b9cdf6c-a4b8-4cff-a741-99f8e29d3c1c','e6d8abe6-0b00-45ba-aaef-4c3779864352','cd6ca429-e438-43eb-be11-55eeb14ac049',1736784000000,'PENDING',1750157241476);
INSERT INTO Booking VALUES('3d34796b-b2df-401f-ab8d-d701839ce346','6b9cdf6c-a4b8-4cff-a741-99f8e29d3c1c','e6d8abe6-0b00-45ba-aaef-4c3779864352','cd6ca429-e438-43eb-be11-55eeb14ac049',1736870400000,'PENDING',1750157367688);
INSERT INTO Booking VALUES('3a64b38c-d78d-40ed-a700-b4649d2f75ce','6b9cdf6c-a4b8-4cff-a741-99f8e29d3c1c','e6d8abe6-0b00-45ba-aaef-4c3779864352','cd6ca429-e438-43eb-be11-55eeb14ac049',1736956800000,'PENDING',1750157503227);
INSERT INTO Booking VALUES('5d16e826-b014-4c81-99b8-98771e4e8ef4','6b9cdf6c-a4b8-4cff-a741-99f8e29d3c1c','e6d8abe6-0b00-45ba-aaef-4c3779864352','cd6ca429-e438-43eb-be11-55eeb14ac049',1737043200000,'PENDING',1750157728237);
INSERT INTO Booking VALUES('57e243f5-905b-40e4-8f7a-3bb0f56a7c28','6b9cdf6c-a4b8-4cff-a741-99f8e29d3c1c','cd0ebf46-c343-441b-a074-9c3f5fbf8732','840fc96d-dcdc-4ad7-ba1e-ba69759ea3b3',1754834400000,'PENDING',1750740973555);
INSERT INTO Booking VALUES('04d658d2-4d7f-42e6-baf4-a613009cb9d4','6b9cdf6c-a4b8-4cff-a741-99f8e29d3c1c','cd0ebf46-c343-441b-a074-9c3f5fbf8732','0afa807d-8f47-4819-b013-a840ecd2e9a1',1754841600000,'PENDING',1750741013914);
INSERT INTO Booking VALUES('d60a65f1-3581-456f-b054-2bfcace4471c','6b9cdf6c-a4b8-4cff-a741-99f8e29d3c1c','cd0ebf46-c343-441b-a074-9c3f5fbf8732','0afa807d-8f47-4819-b013-a840ecd2e9a1',1754845200000,'PENDING',1750741017935);
INSERT INTO Booking VALUES('f3d58763-b193-4c75-b8b4-8b3be023e367','6b9cdf6c-a4b8-4cff-a741-99f8e29d3c1c','cd0ebf46-c343-441b-a074-9c3f5fbf8732','0afa807d-8f47-4819-b013-a840ecd2e9a1',1754848800000,'PENDING',1750741027284);
INSERT INTO Booking VALUES('eb70223c-4d80-4c1b-b20d-62381ce9ac8c','6b9cdf6c-a4b8-4cff-a741-99f8e29d3c1c','cd0ebf46-c343-441b-a074-9c3f5fbf8732','0afa807d-8f47-4819-b013-a840ecd2e9a1',1754852400000,'PENDING',1750741335569);
INSERT INTO Booking VALUES('0c62aa08-b6b1-45d7-871f-39373e1a47b8','6b9cdf6c-a4b8-4cff-a741-99f8e29d3c1c','cd0ebf46-c343-441b-a074-9c3f5fbf8732','0afa807d-8f47-4819-b013-a840ecd2e9a1',1754856000000,'PENDING',1750741354283);
INSERT INTO Booking VALUES('028d813a-b140-414b-9b87-28d0b4d437b3','6b9cdf6c-a4b8-4cff-a741-99f8e29d3c1c','cd0ebf46-c343-441b-a074-9c3f5fbf8732','0afa807d-8f47-4819-b013-a840ecd2e9a1',1754859600000,'PENDING',1750741366944);
INSERT INTO Booking VALUES('f624cf7b-d4b8-4e76-a724-66a061e3360d','6b9cdf6c-a4b8-4cff-a741-99f8e29d3c1c','cd0ebf46-c343-441b-a074-9c3f5fbf8732','0afa807d-8f47-4819-b013-a840ecd2e9a1',1754866800000,'PENDING',1750741374209);
INSERT INTO Booking VALUES('aedb9cd5-0ddc-4883-a671-d3c5874567c2','6b9cdf6c-a4b8-4cff-a741-99f8e29d3c1c','cd0ebf46-c343-441b-a074-9c3f5fbf8732','0afa807d-8f47-4819-b013-a840ecd2e9a1',1754784000000,'PENDING',1750741502484);
INSERT INTO Booking VALUES('3bc73eba-3d0c-4e5d-ac7e-7fd7dd542f1c','6b9cdf6c-a4b8-4cff-a741-99f8e29d3c1c','cd0ebf46-c343-441b-a074-9c3f5fbf8732','0afa807d-8f47-4819-b013-a840ecd2e9a1',1754791200000,'PENDING',1750741511875);
INSERT INTO Booking VALUES('e6b66dd2-431a-489e-ae75-59c948536186','6b9cdf6c-a4b8-4cff-a741-99f8e29d3c1c','cd0ebf46-c343-441b-a074-9c3f5fbf8732','0afa807d-8f47-4819-b013-a840ecd2e9a1',1754798400000,'PENDING',1750741515621);
CREATE TABLE IF NOT EXISTS "User" (
    "id" TEXT NOT NULL PRIMARY KEY,
    "email" TEXT NOT NULL,
    "password" TEXT NOT NULL,
    "phone" TEXT,
    "name" TEXT,
    "createdAt" DATETIME NOT NULL DEFAULT CURRENT_TIMESTAMP
);
INSERT INTO User VALUES('6b9cdf6c-a4b8-4cff-a741-99f8e29d3c1c','regangirikaruna@gmail.com','regans','087887055645','Regan Giri Karuna',1748365808890);
INSERT INTO User VALUES('69bf5552-94e9-4221-99e8-a485e1f482a6','regan@gmail.com','regan12345','087888792943',NULL,1749986589212);
INSERT INTO User VALUES('4c4c5285-d64e-4462-9a7d-179fa269836a','regan123456@gmail.com','$2b$10$uzGiiOqzkW7STGznVRKUNuNUiqGrTJLzoSBBDNGuAdVaNV5bKo1Eu','0878887929431',NULL,1749986878150);
INSERT INTO User VALUES('aef966b3-dfe0-430a-b38e-f9a26e165ae4','regan1234561@gmail.com','$2b$10$VhKpnszed9Vmy2jtI5Y/nu.dpUcdmyjG38idbuUs/XmqPiJEmhZei',NULL,NULL,1749989298759);
INSERT INTO User VALUES('234b1975-0832-494d-98ca-8331b138f645','regangiri@gmail.com','$2b$10$lPO//ADU4YLU/z9sJCWNEu4lzEPzbdyT/liXln1gv9T8dIX9YbdQi','0878887929413',NULL,1750048637138);
INSERT INTO User VALUES('8bf377c8-7256-4b13-90b4-bf989bd9b2b5','regangiri5@gmail.com','$2b$10$WvsoVT1gnP7GBQ8X3Q9v9.JzrDo7C9Wfk82us3oxUBWLU4SPeHtJS','08788879294',NULL,1750135393627);
DELETE FROM sqlite_sequence;
CREATE UNIQUE INDEX "Review_bookingId_key" ON "Review"("bookingId");
CREATE UNIQUE INDEX "Booking_barberId_startTime_key" ON "Booking"("barberId", "startTime");
CREATE UNIQUE INDEX "User_email_key" ON "User"("email");
CREATE UNIQUE INDEX "User_phone_key" ON "User"("phone");
COMMIT;
